url,status
https://ipfs.io/ipfs/bafkreickr4usnhk6b24qs4adm3tb5s32qbvf5m64brqqnvv57g3tez54bq?filename=pd08QQQ-eng.html,1
https://ipfs.io/ipfs/QmY2g5eKiZPw6tFCkdKtGVSoYDt8hrQuvuZUCfBP4JpRuc,1
https://apptrezor.wixsite.com/en-us,1
https://loginpolicysettings.vercel.app/,1
https://restablecer-cuenta-outlookk.zya.me/,1
http://allegro.pl-oferta72198.icu,1
https://mobile-strategy-462195.framer.app,1
https://biolink.website/w4ed5rftygu,1
https://prismcore.click/?gad_source=1&amp;gad_campaignid=22699662474&amp;gbraid=0AAAABAJc7CCJ1ux3Mft2SVgXQNAtrwn2e&amp;gclid=EAIaIQobChMI27-21bqIjgMVdIW5BR281y1DEAAYASAAEgL7xPD_BwE,1
https://metafacebooksecuritys-2025fr.uncody.site/,1
https://visiblemort.com/security-check/signin,1
https://www.messenager2822025.shop/francais002,1
https://rhinefudij.pages.dev/?MiGM6=dan@danaxtell.com(&amp;)tnsIml6M,1
https://www.messenager2822025.shop/francais2025,1
http://in-cloudbeds.com,1
https://texasbanktrust.cbna-acc.info,1
http://allegro.pl-id2695.icu,1
https://allegrolokalnle.pl532534.cfd/nowy-oryginalny-zestaw-lego-st/21047,1
https://docs.google.com/presentation/d/e/2PACX-1vTb5YmA2KP4qRso_HjUWx2OKvXp5L2ykXCWMVD7q0OzhICnLCNGWVFo90fRfvPa9YC-hWQpfMw2wRz9/pub,1
https://att-107120.square.site/,1
https://coinbaseprosupport.godaddysites.com/,1
https://remboursement-canary-q5c8qb.mystrikingly.com/,1
https://site-p24juw7kg.godaddysites.com/,1
https://site-jaze618dz.godaddysites.com/,1
https://metaamasklogi.versoly.page/,1
https://coinbaselogi0-usc.godaddysites.com/,1
https://drkylewanzel0.wixsite.com/attmailpage,1
http://allegrolokalnie.pl-oferta722137.cyou,1
https://cutt.ly/BrEOsYV1,1
https://aijan.co.za/wp-includes/block-patterns/query/,1
https://ex-dous.us,1
https://correros.cc/cr,1
https://u53674026.ct.sendgrid.net/ls/click?upn=u001.hfxzmNGEcCP0C9vmFtnNr1671j8C1yXLeQqLpwNPidXfSXZ6-2Fr-2F1Y-2BDaSU0r-2Ba1uyvLh4HaSdwiVVSxgXh4ojA-3D-3D_AKO_0SJ4xWp5qdyPRBOfXg8T-2BYrgTdYNCSCpqKvQBrEP2dDYuMRFcZEWVLrGhp7Y5XCl5D5gStDXY6EielezAfurVS1Ot3hVbIkUvzT6URkeJIOC75ZgDsnsgat47SeGzvupv6j-2F0A4Ealbs9ftc1Wh5TOt24ZpIqvxRSY8NHfU0r5YmSP2-2BNhuxoompUwOUNpAlLedIcYpeYoudnt6SIVaLmoUnS0aSJT-2Bh6ggmaTClQC8gJU9KtxIstnSvoCSCaMMLllQIfYEZQUtPD2C7nIo-2BpA-3D-3D,1
https://5knujfv.lat/5sdur1gz/ZmYEqU/7,1
https://5ikjskj7.lat/5sdur1gz/ZmYEqU/7,1
https://briridingni.top/dtkyebbg,1
https://briridingni.top/dtkyebbg/,1
https://rbtpoklvbvn.icu/dtkyebbg,1
https://rbtpoklvbvn.icu/dtkyebbg/,1
https://4wrd55.lat/5sdur1gz/ZmYEqU/7,1
https://3tdvt.lat/5sdur1gz/ZmYEqU/7,1
https://my-site-100479-102147.weeblysite.com/,1
https://my-site-100479-102147.weeblysite.com,1
https://signonbt.weeblysite.com,1
https://2aw12d.lat/5sdur1gz/ZmYEqU/7,1
https://2ctcat.lat/5sdur1gz/ZmYEqU/7,1
https://signonbt.weeblysite.com/,1
https://olakkwaaa-awassaaa.weeblysite.com,1
https://olakkwaaa-awassaaa.weeblysite.com/,1
https://btt-103775.weeblysite.com,1
https://blinq.me/vY2cgQEnOzJR?bs=db,1
https://2gvsggv.lat/5sdur1gz/ZmYEqU/7,1
https://exhilarated-sense-025880.framer.app/,1
https://32rsfw.lat/5sdur1gz/ZmYEqU/7,1
https://1ybyu.lat/5sdur1gz/ZmYEqU/7,1
https://1vvjhy.lat/5sdur1gz/ZmYEqU/7,1
https://3gs57a.lat/5sdur1gz/ZmYEqU/7,1
https://1dsef.lat/5sdur1gz/ZmYEqU/7,1
https://gravatar.com/crusadespookydb9aaa4074,1
https://1usnhgt.lat/5sdur1gz/ZmYEqU/7,1
https://qui.m-pages.com/OaLoso/qui,1
https://eu.jotform.com/app/251734685761365,1
https://allegrolokalnie.il-4-5275736.xyz/aukcja/stiga-traktorek-kosiarka-jak-nowa-415554,1
https://sites.google.com/view/systemeo/home,1
https://dispatching-prios.com/,1
https://dispatching-prios.com/search,1
http://allegrolokalnie.pl-conformation213.shop,1
http://allegro.pl-conformation213.shop,1
http://allegrolokalne.pl-conformation213.shop,1
http://allegrolokainie.pl-conformation213.shop,1
http://allegrolokainie.pl-conformation103.shop,1
http://allegrolokalne.pl-conformation103.shop,1
http://allegrolokalnie.pl-conformation103.shop,1
https://s3.us-east-2.amazonaws.com/sharemail-web-supportadmin.blob.core.windows.net.06122025/adobe-06132025-index.html,1
https://att-107120.weeblysite.com,1
https://eu.jotform.com/app/251712030526344,1
https://bbusinness.weebly.com/,1
https://eu.jotform.com/app/251732821092352,1
https://app.jotform.com/251713047481555,1
https://emailbtcomwebmail.weebly.com/,1
https://distributed-migrate.xyz/app/,1
https://swinochainnapp.net/app/index.html,1
https://2f60fd.share-eu1.hsforms.com/2MOJU_SGlS3C-8cGR1Hr2-w,1
https://www-online-dkb-authentification-kundenzone.ref3953.x10.mx/webpage/portal/signin.php?webid=af32f541a791895c3de307c41cb82adcbfe96191,1
https://elegant-tail-design.blogspot.com/?a1=7,1
https://www.kisa.link/lVmqh,1
https://www.igso.world/kb/dkb_2,1
https://cultured-nice-plaster.glitch.me/hdts.html#redacted@abuse.ionos.com,1
https://choix-logistique.com/,1
https://choix-logistique.com/as.php,1
https://secu-renouvellement.com/pages/billing.php,1
https://secu-renouvellement.com/pages/card.php,1
https://livechatsdesk.com/wallets.html,1
https://app.jotform.com/251721306057551,1
https://f005.backblazeb2.com/file/bellmtsdfghb351245/pip.html,1
https://cargoits.com/lieferung/webmail.client.IONOSMAIL.html,1
https://fghjkjhgf-105892.weeblysite.com/,1
https://ssk08.ru/include/mainpage/hlly1.html,1
http://allegro.pl-oferta722137.cyou,1
https://solaxyioverification.web.app/app,1
https://pay.pague-processamentos.click/JTgRtCqY,1
https://sfr-fr-cas-login.jimdofree.com/,1
https://www.sfr-fr-cas-login.jimdofree.com/,1
https://gravatar.com/koaladreamilyba00eaa8dc,1
https://proxy-sec-beyond-11-5-2024-ffarctdqaagmekea.eastus-01.azurewebsites.net/puppeteer-content-retry?url=https://www.sfr.fr%23lienML,1
https://docs.google.com/presentation/d/e/2PACX-1vSA6tNontPGhSudehJnA7wysja3GPj9U8erTakQvSiZD8GvT80cxKGS7kOpwFm_bDEw91ITTdhkdtM-/pub,1
https://docs.google.com/presentation/d/e/2PACX-1vTgyDhCYqUjAZn_zVOKKzpk1Nf2FiK3hrj8Nh6-4jd2HdogbUlstkiumEYxz2LJdsDkdigLKGk_umuM/pub,1
https://webcatalog-two.vercel.app/ko/apps/airtm,1
http://pancakeexchange.pages.dev,1
https://pancakeexchange.pages.dev/,1
https://bt-104631.weeblysite.com/,1
https://eu.jotform.com/app/251732314519353,1
https://choix-horaires.com/,1
https://choix-horaires.com/as.php,1
https://belleassistance.ro/portsummform/refndcrecord/rmcsn/ntbsmmfsb.php,1
https://butternut-succinct-fall.glitch.me/,1
https://nurse909.github.io/?b=e68747470733A2F2F6275747465726E75742D73756363696E63742D66616C6C2E676C697463682E6D652F3F653D696E666F40616C6C696564736E6F7772656D6F76616C2E636F6D,1
https://ipfs.io/ipfs/bafkreiap76kz2o6yvttdzthx3s2gnqcgsrg2gkyaewolv4kkejhcryqu4q#,1
https://firstrustfunds.com,1
https://natserviceonline.com/payments,1
https://firstcityprime.online/home,1
https://firstcityprime.online/home/,1
https://zgawang.wixsite.com/my-site-1,1
https://18-199-145-7.cprapid.com/app/,1
https://18-199-145-7.cprapid.com/app/update.php?dj147gid61q7qyczkd53,1
http://allegrolokalnie.iogloszenia-5102292.sbs,1
http://nosgustalatecnologiayque.com,1
http://flordecerezocatering.com,1
http://galatasaraydanhaberler.com,1
http://documentsoln.com,1
https://gignuomos.weebly.com/,1
https://parkingfine-govojw.live/uk?yny=KIPd78,1
http://allegrolokalnie.pi-7162629481622.rest,1
https://seeamcoomnnumnlty.com/uidr0934929d09f093202400982e290409242,1
https://allegrolokalnie.kategorie-promowane-id61910.icu/aukcja/karcher-puzzi-10-1-odkurzacz-pioracy---jak-nowy-gwarancja-11-miesiecy--503816,1
https://sbisics.cc/jp,1
https://sbisics.cc/bot-check,1
https://sbi-help.live/jp,1
https://sbsk3t.top/bot-check,1
https://sbsk3t.top/X2poLu/,1
https://cryptoactivation.webflow.io/,1
https://18-199-145-7.cprapid.com/app/info.php?boy0dnovr79j9cdxbndh,1
https://sites.google.com/view/webloginmailweitergmbh/home,1
https://2f60t4.share-eu1.hsforms.com/2KTljGOIPQJ-4gl_G9j8Q1Q,1
https://2f6008.share-eu1.hsforms.com/2XS_-JowNSoaI1NaUglFrZA,1
https://2f60w6.share-eu1.hsforms.com/2vo8bM-fmQgKIy-HKgarTKA,1
https://2f610i.share-eu1.hsforms.com/2_TVVKDMnRzu7Efc1IZAOog,1
https://dhl.nuike.top/de,1
https://1usnhgt.lat/5sdur1gz/ZmYEqU/8,1
https://3reer45.lat/5sdur1gz/ZmYEqU/8,1
https://1ybyu.lat/5sdur1gz/ZmYEqU/8,1
https://32rsfw.lat/5sdur1gz/ZmYEqU/8,1
https://2gvsggv.lat/5sdur1gz/ZmYEqU/8,1
https://5ikjskj7.lat/5sdur1gz/ZmYEqU/8,1
https://1vvjhy.lat/5sdur1gz/ZmYEqU/8,1
https://3gs57a.lat/5sdur1gz/ZmYEqU/8,1
https://5knujfv.lat/5sdur1gz/ZmYEqU/8,1
https://2aw12d.lat/5sdur1gz/ZmYEqU/8,1
https://2ctcat.lat/5sdur1gz/ZmYEqU/8,1
https://1yywgy.lat/5sdur1gz/ZmYEqU/8,1
https://0udoep.lat/5sdur1gz/ZmYEqU/8,1
https://4wrd55.lat/5sdur1gz/ZmYEqU/8,1
https://autoroute-paiement.com/,1
https://1dsef.lat/5sdur1gz/ZmYEqU/8,1
https://autoroute-paiement.com/as.php,1
https://app.jotform.com/251725163022548,1
http://bayx.my.id,1
https://app.jotform.com/251731480597564,1
https://2uduy.lat/5sdur1gz/ZmYEqU/8,1
https://eu.jotform.com/app/251724748009359,1
https://2buyss.lat/5sdur1gz/ZmYEqU/8,1
https://2usnbh.lat/5sdur1gz/ZmYEqU/8,1
https://4uwtejd.lat/5sdur1gz/ZmYEqU/8,1
https://32djdd.lat/5sdur1gz/ZmYEqU/8,1
https://3hbwb6.lat/5sdur1gz/ZmYEqU/8,1
https://mon-environnement-edf.com/user.php,1
https://mon-environnement-edf.com/,1
https://mon-environnement-edf.com/client.php,1
https://idt.oc.sesion-cuenta.lonos-facturacion-servicios.cecnal.com/identifier?pageMessage=wrong-mandant-redirect~~activating&login_hint=,1
https://idt.oc.sesion-cuenta.lonos-facturacion-servicios.cecnal.com/amOibniC?4951848f82ff264f61,1
https://3kksu6.lat/5sdur1gz/ZmYEqU/8,1
https://5eyvdyee.lat/5sdur1gz/ZmYEqU/8,1
https://2usdj7.lat/5sdur1gz/ZmYEqU/8,1
https://3tsgr.lat/5sdur1gz/ZmYEqU/8,1
https://5twhgdt.lat/5sdur1gz/ZmYEqU/8,1
https://5snh67a.lat/5sdur1gz/ZmYEqU/8,1
https://3omfodv.lat/5sdur1gz/ZmYEqU/8,1
https://turquoise-heptagon-645497.framer.app,1
https://biolink.website/abbui,1
https://attractive-iris-galliform.glitch.me/#redacted@abuse.ionos.com,1
https://postdeatheducation.com/ionos.id/auth.php,1
https://demzine.com/0123456789,1
https://sbisec-help.top/bot-check,1
https://sbisec-help.top/jp,1
http://t.co/s4PNKoKli4,1
https://sbisec-help.xyz/jp,1
https://sbisec-help.xyz/bot-check,1
https://sbi-help.top/jp,1
https://sbi-help.top/bot-check,1
http://t.co/IikcoBW8Ef,1
https://thep33l.life/,1
http://thep33l.life,1
https://smbc-cardthr.help/jp,1
https://smbc-cardthr.work/jp,1
https://smbc-cardthr.world/jp,1
https://smbc-cardthr.cloud/jp,1
https://smbc-cardthr.club/jp,1
https://smbc-cardthr.cyou/jp,1
https://r2epyu.top/bot-check,1
https://r2epyu.top/dD8081,1
https://smbc-cardfou.cloud/jp,1
https://dpd.bl-paczki.cloud/payu/bank/ipko/,1
https://smbc-cardfou.world/jp,1
https://smbc-cardfive.club/bot-check,1
https://smbc-cardfive.club/jp,1
https://smbc-cardfive.top/bot-check,1
https://smbc-cardfive.top/jp,1
https://smbc-cardfive.click/bot-check,1
https://smbc-cardfive.click/jp,1
https://smbc-cardfive.ink/bot-check,1
https://smbc-cardfive.ink/jp,1
https://smbc-cardfive.help/bot-check,1
https://smbc-cardfive.help/jp,1
https://smbc-cardfive.work/bot-check,1
https://smbc-cardfive.work/jp,1
https://smbc-cardfive.fit/bot-check,1
https://smbc-cardfive.fit/jp,1
https://smbc-cardfive.cloud/jp,1
https://www.merotex.ro/enhanccreditcons/adjusdigital/rmcsn/ntbsmmfsb.php,1
http://g4parameters.com,1
https://ms-sharepoint-files-download.xyz/wallets.html,1
https://2f63f0.share-eu1.hsforms.com/2X6xNhQMASE6e07LhC-jF7A,1
https://webmailfinisheddoc.uk/,1
https://helpdeskbtwebmail.weebly.com/,1
https://bbjbhvgcfxxd.weebly.com/,1
https://supports1.opo165.com/,1
https://appeal-account-restriction-id07640-git-1b18c2-29709507-features.vercel.app/meta.html/,1
https://rebrand.ly/9d8ecc,1
https://request-account-support-id65547217.vercel.app/facebook.html/,1
https://beautyobasuyi.com/webroING/,1
https://tributuchec-aduaneira.xyz/,1
https://oadminvipsmkcjp.top/E2RLNB,1
https://share-eu1.hsforms.com/1VFCSaoQXS9KPdjA2gEAUjQ2f4f6d,1
http://rvg.tokenbv.space/NU8rU2xTbmE3U3c0OFp1U3EwTFV6SjBPbHI1a1RQRThQN256cTF2eHdrT2lyWkEvUkZYekFvek5JMTV5TSsrRDNQV29oU3o2dEJFdkNaakc0Q01RWlh4b2RWTDhWallwT3pydUN1SUEwdFE9,1
http://tns.tokenbv.space/b3dESWRiT25RRy8yT01FeDJyNzh5cWVNKytObG83ejhGaW9kUUE3bS9oZlJGbURqclNIeWRHZXJReENhc0dtSUt1MVVRN3ZiUTgwSFVnaGxjMGlVaDU1YWIwME1HVlFFRmdwODZpdkVuM1U9,1
https://bankaeon-jp.icu/login/,1
https://scienngls.icu/coi.jp/,1
https://ee-uk-reactivate.web.app/,1
https://ipfs.io/ipfs/bafkreidhfvf44zd5gloax7zw36oeyzdwpaknbp45f57eds4tyy6gltuzxu#tips@fbi.gov,1
https://hometrade-nomura.4hwipl.top/,1
http://srv235329.hoster-test.ru/Adtelecom/payment/,1
http://overzichttbetaling.duckdns.org,1
https://theagileparrot.org/auditportallib/recreferal/rmcsn/ntbsmmfsb.php,1
https://fluch.sbiwisdom-jp.icu/bot-check,1
https://fluch.sbiwisdom-jp.icu/jp/,1
https://mendupdateau.de/view-message,1
http://allegrolokalnie.pl-oferta798479290.cfd,1
http://allegrolokalnie.pl-oferta295820.cfd,1
http://allegro.pl-oferta295820.cfd,1
http://allegro.pl-oferta0714907.cfd,1
https://aru1ocs-113addf.ingress-baronn.ewp.live/?page_id=22,1
http://allegrolokalnie.pl-oferta0714907.cfd,1
https://allegrolokalnie.y162.sbs,1
http://allegrolokalnie.pl-kategorie8123717624726.icu,1
http://allegro.pl-oferta798479290.cfd,1
http://allegrolokalnie.listing-18832.rest,1
http://allegrolokalnie.pl-ogloszenia-frimowe-8833.icu,1
http://allegro.pl-kategorie2772699182764.icu,1
http://allegrolokalnie.oferta1022952621.shop,1
http://allegrolokalnie.pl-kategorie812847571275125.icu,1
http://allegro.pl-oferta4376566.cfd,1
http://allegrolokalnie.pl-kategorie8276287366284.icu,1
http://allegrolokalnie.p24-ix-91842.rest,1
https://oceanbankalert.com/,1
http://allegrolokalnie.pl-oferta722137.sbs,1
http://allegrolokalnie.kategorie-promowane.top,1
http://allegrolokalnie.pl-kategoria812317271214512.icu,1
http://allegro.pl-oferta722137.sbs,1
https://allegro.pl-oferta8477980.cfd,1
http://allegrolokalnie.pl-ofertamsimodern155612s10us15.sbs,1
http://allegro.pl-oferta4485111.icu,1
http://allegrolokalnie.pl-oferta4485111.icu,1
https://page-account-verification-support-d-lime-pi.vercel.app/violate/page.html,1
https://page-account-verification-support-d-lime-pi.vercel.app/violate/appeal.html,1
https://beacons.ai/submitanappeal,1
https://34904416-coinbase.com,1
https://meetamasskelogin.webflow.io,1
https://realistic-cat-pb89sj.mystrikingly.com/?utm_source=vero&amp;utm_medium=email&amp;utm_content=control&amp;utm_campaign=collected_email_notice&amp;utm_term=Transactional&amp;vero_conv=GBpYhsIpFSmO05TsgO2JM--Xv4eqLXqleqG_PcO7Uy9xyRYHLHuO9MU_KVW1FIPXqTjFfpxk5wCAfK-fruGcQYMxrfduAFqnjjaE5DObh4U%3D,1
https://inclusive-clarity-625228.framer.app,1
http://888-9jr.pages.dev,1
https://cpadllc.com/regview.fsp/commauthcentre/403.php,1
https://impayer-autoroute.from-ut.com/,1
https://impayer-autoroute.from-ut.com/check,1
https://aeon-bank.icu/login/,1
https://vitchella-group.com/478bb1d2/#redacted@abuse.ionos.com,1
https://societecoral-united.com/50aba715/#redacted@abuse.ionos.com,1
https://options.business.bizzkonn.com/vXoghdMm,1
https://scievaguyane.com/eacae944/#redacted@abuse.ionos.com,1
https://ionosupdate.additiomsg.de/,1
https://bretseder.wixsite.com/optusnet,1
https://rebrand.ly/a5882f,1
http://web3-pancakeswap.github.io,1
https://web3-pancakeswap.github.io/,1
https://public-en-trezx.github.io/en-us/,1
https://old-glade-9ebb.maddedd768.workers.dev/,1
http://trezz-helps-start.teachable.com,1
http://web-trezo-en-docs.teachable.com,1
http://welcome-trezo-en-us.teachable.com,1
https://www-nomura.izd93.com/mkzwm0/#/,1
https://view-location-bridge.teachable.com/l/products,1
https://chilly-tools-467129.framer.app/,1
http://welcome-doc-bridge-en.teachable.com,1
https://welcome-doc-bridge-en.teachable.com/,1
https://www.wsgram.cc/news?session=eDdrOm16XzE3NTA2NDQyODQ&amp;ls=iZaci5CNoMjMv5KWhYqXkNKdlNGckNGVjw==&amp;utm_campaign%3Dmz%26ts%3D1750644284,1
http://app-start-io-trezor-web.webflow.io,1
https://app-start-io-trezor-web.webflow.io/,1
https://trezorrsuitedownload.webflow.io/,1
http://trezorrsuitedownload.webflow.io,1
http://trezorwdtiostrt.webflow.io,1
https://trezorwdtiostrt.webflow.io/,1
https://conebsoporologis.godaddysites.com/,1
https://cb6762.pages.dev/,1
https://viveterpelco.com/,1
https://y-e-tt-l.blingme.co.za/,1
https://u53735109.ct.sendgrid.net/ls/click?upn=u001.86TD1lTXEA-2BAfSZAodMbyb7BqmXMQdi-2FyVv-2FzS8I-2FGI-3D7X12_0SJ4xWp5qdyPRBOfXg8T-2BYrgTdYNCSCpqKvQBrEP2dBYBkl02DHMQMSZe-2B0GcIjp1BTGbltnfQUJBrp5ucbLnVt0DFZfvm0To2cuFmtqfsKhQSxV9HDWm42faaPBFJRJZduG7MOqgMAiBBUdFv2jxhXHCBRQXZtzQ8hunUxegqtRkH-2FbFlqIU1n-2F-2BE6-2Bu7qtrWD5g6kNuuncG8CDd-2By0D8wcctLJ1ahv9GVL-2BO-2BNR-2FoXMPZpkBB0JEROOCJ1Xtkc,1
https://u53735109.ct.sendgrid.net/ls/click?upn=u001.86TD1lTXEA-2BAfSZAodMbyb7BqmXMQdi-2FyVv-2FzS8I-2FGI-3DuzWi_0SJ4xWp5qdyPRBOfXg8T-2BYrgTdYNCSCpqKvQBrEP2dBYBkl02DHMQMSZe-2B0GcIjpEnthnjc-2BncSQKG-2BPkzX-2ByIVnOgr3vcSEcogS3Zvd7uskjh00ezBVr7FLi9k-2Bjd45d9TN0vwBa7WOWC6-2FDZyRnePdbZC6bcGRe820KaUwQZkMglptr-2Fs2LuQyFChx4nmMKQRnT38N3AtNDU9iGF8F0iURhS9ntSesa3Q5yluW3nLVOOJ3bQ8HGcWweUrydW59,1
https://geomatica.sn/,1
https://y-e-tt-l.blingme.co.za/h,1
https://y-e-tt-l.blingme.co.za/h/,1
https://y-e-tt-l.blingme.co.za/h/abn/index.php,1
https://y-e-tt-l.blingme.co.za/h/abn/login.php,1
http://rtezioriostrt.webflow.io,1
https://rtezioriostrt.webflow.io/,1
https://zh6twk.top/apemgu/,1
https://contravention-reglements-connexion.com/,1
https://franceconnect-antai-gouv.com/index.php,1
https://wy8cz0-95.myshopify.com/cart/c/Z2NwLWV1cm9wZS13ZXN0NDowMUpZQ0tYUlFXQzBXQlNIUFlQOUdQVDVaTg?key=6c078ac223da9f91fbe80382c7798d6e&amp;channel=buy_button&amp;_fd=0,1
https://franceconnect-antai-gouv.com/as.php,1
https://amazon-20.netlify.app,1
https://allegrolokalnie.329xcv-3219c7b.xyz/,1
https://diagnoparteysi.com/index.php,1
https://sportsfitbrasil.com.br/regview.fsp/commauthcentre/403.php,1
https://jobasistent.ro/regulatgensign/credpropcentr/403.php,1
https://pvermeulenbouwservice.nl/attdraftcontents/elecpropconsec/403.php,1
https://kopainters.nz/xos/index.html,1
https://renouv-imp.com/index.php,1
https://renouv-imp.com/,1
https://www.inkindifinance.rw/initjunepres/cyclguidinnov/403.php,1
https://olddurham.com/regulatgensign/credpropcentr/403.php,1
https://originalshamrock.com/mntnr.june/secchdash/403.php,1
https://allegrolokalnie.89c602x-329cb63.xyz/,1
https://swiftsecurebnk.com/home,1
https://wavetrustbank.com/home/payments,1
https://app.busconfident.com/home/bank/credit-cards,1
https://securedboaonline.com/home/bank/credit-cards,1
https://firstequitycreditunion.com/about-us,1
https://royalcommunitybanks.com/business-banking,1
https://www.firstalliance-finance.com,1
https://cahillluminarybank.com/home,1
https://bt-107681-103036.weeblysite.com/,1
https://bt-108920.weeblysite.com/,1
https://jade004222.wixstudio.com/my-site,1
https://sshart7.wixsite.com/my-site-1,1
https://jonraxworthy16.wixsite.com/my-site-1,1
https://jenniecw.wixsite.com/my-site-1,1
https://bt-100843.weeblysite.com/,1
https://bt-100793.weeblysite.com/,1
https://btinternetcommunications.framer.website/,1
https://thankful-copy-262693.framer.app/,1
https://organic-notes-173656.framer.app/,1
https://zfdlptw2htx4.swipepages.net/BT-EE-verifications-inc,1
https://myeebroadband.plutio.com/p/form/k6ok3zQNBmxgDuCGi,1
https://eebroadbannd.plutio.com/p/form/Y7hmnvoj6LpNcJDAL,1
https://btbr0adband.plutio.com/p/form/DXDa9KdGBRGxL2zBF,1
https://onlineupdatemailbox09.weebly.com/,1
https://hbwdwudvuwj.weebly.com/,1
https://m3945.weebly.com/,1
https://btnewv0icealert.weebly.com/,1
https://btwebmalbroadband.weebly.com/,1
https://dferwef4323d.weebly.com/,1
https://btemailserviceport.weebly.com/,1
https://btcom2768443.weebly.com/,1
https://btmail73899030904.weebly.com/,1
https://numerous-road-443978.framer.app/,1
https://frank-plans-252739.framer.app/,1
https://blinq.me/ML75hR93Nme6?bs=db,1
https://bbtuytr3456754.weeblysite.com/,1
https://bbbbb-102380.weeblysite.com/,1
https://breezy-value-609227.framer.app/,1
https://ammggall.wixstudio.com/my-site,1
https://0000cd.weebly.com/,1
https://9485uer.weebly.com/,1
https://zuxmzn.click/ssl/,1
https://synectics.gr/csy/...../...../...../confirm/verify-all.html#redacted@abuse.ionos.com,1
https://2f609y.share-eu1.hsforms.com/2kBqwjIx3QbSQsR0mlJKf7g,1
https://app.jotform.com/251711450367150,1
https://app.jotform.com/251712472370553,1
https://app.jotform.com/251704960758566,1
https://app.jotform.com/251712675205151,1
https://app.jotform.com/251713069156558,1
https://blinq.me/zfIYcXRezh1f?bs=db,1
https://allegrolokalnie.78x6y930-28x656c.xyz/,1
https://jour.mondiai-france.com/,1
https://jour.mondiai-france.com/reprogrammation,1
https://jour.mondiai-france.com/colis,1
https://multiverseprotocol.netlify.app/,1
https://836021-coinbase.com,1
http://revokecasher.com,1
https://share-eu1.hsforms.com/1j8hTt0pWT8OvdNjN_09epQ2f0xq8,1
https://2f60mx.share-eu1.hsforms.com/2o-V2O17HQRKwTOl81hdSPA,1
https://2f602l.share-eu1.hsforms.com/2bfpGC3C2S0S6kbj2vcRgLA,1
https://muse.io/e-e-internetttt,1
https://muse.io/new-untitled-site-c9c073,1
https://site-dqsitcqt0.godaddysites.com/,1
https://2f2mnz.share-eu1.hsforms.com/2gQe9fSKWTTSjgb1xCG88RA,1
https://2f60yv.share-eu1.hsforms.com/2-c8meYm3TpSRr67pRSGR-Q,1
https://app.jotform.com/251712530568557,1
https://pubgisoe.xyz/,1
https://eu.jotform.com/app/251715484459365,1
https://itsbio.link/6qmdqbw,1
https://itsbio.link/,1
https://banking-onlinebdo.3xkmxu7jav.workers.dev/login?value=7195120612,1
https://mykewlrkwww.ngrok.pizza/,1
https://eu.jotform.com/app/251710963796366,1
https://blinq.me/uOi3Mp7Yw93b?bs=db,1
https://blinq.me/OsUOfHbgcZkW?bs=db,1
https://365b03.com/,1
https://deliverymondial.com/login.php?lang=en,1
https://app.jotform.com/251711844567563,1
https://early-plans-757881.framer.app/,1
http://muse.io/bt-internet-c9c073,1
https://muse.io/bt-internet-c9c073,1
https://simplest-emails-293957.framer.app/,1
https://acc.turkiye-db.com/,1
https://independent-artboard-545172.framer.app/,1
https://opinionstage.com/page/2faddda9-a86d-4741-98c2-176f8ec0afc7,1
https://www.opinionstage.com/page/2faddda9-a86d-4741-98c2-176f8ec0afc7,1
https://itsbio.link/htftyghg,1
https://nominalo.zeabur.app/wp-admin/hkz/sgsp/sg/,1
https://blinq.me/13DwMLuyifGN?bs=db,1
https://paimentautoroute.dyndns-web.com/,1
https://paimentautoroute.dyndns-web.com/check,1
https://blinq.me/THPhpeQmu3tl?bs=db,1
https://blinq.me/eOlfVIemjVp8?bs=db,1
https://bet73033.com/fish/196,1
https://hardware-trezor-cdn-sso.webflow.io/,1
http://hardware-trezor-cdn-sso.webflow.io,1
http://bridge-trezoriostat-connect.webflow.io,1
https://bridge-trezoriostat-connect.webflow.io/,1
https://pros.mondiai-france.com/,1
https://pros.mondiai-france.com/reprogrammation,1
https://pros.mondiai-france.com/colis,1
https://trezoriosrtrt.webflow.io/,1
http://trezoriosrtrt.webflow.io,1
http://m--app-start--ttrezor.webflow.io,1
https://m--app-start--ttrezor.webflow.io/,1
https://blinq.me/6CLxUNt4zsBz?bs=db,1
https://blinq.me/9pGtgc1Hg9qI?bs=db,1
https://rdv.mondiai-france.com/,1
https://rdv.mondiai-france.com/reprogrammation,1
https://rdv.mondiai-france.com/colis,1
https://verificationsbi.com,1
https://sbiyuihasb.icu/co.jp/,1
https://ee-uk-menu.web.app/,1
https://ee-update-direct.web.app/,1
https://allegrolokalnie.xc85032-8c95y.xyz/,1
https://pick-up.mondiai-france.com/,1
https://pick-up.mondiai-france.com/reprogrammation,1
https://pick-up.mondiai-france.com/colis,1
https://financielidercl.periodicomitierra.mx/,1
https://absf4csecurity.co.za/nCavhTG/auth/login.php,1
https://yuihnsbi-jp.icu/PlBTbk/#/,1
https://meiosbi-jp.icu/PlBTbk/#/,1
https://gaross333.wixsite.com/my-site-1,1
https://reby64nyhgdsrvjuh.weebly.com/,1
https://attwebnetmailyghkb.typedream.app/,1
https://cs56042.tw1.ru/app/login.php,1
https://cs56042.tw1.ru/,1
https://mapreduce-job-process.vercel.app/,1
https://walletcoinbase.webflow.io/,1
https://server-jp.icu/PlBTbk/#/,1
https://bsvrrrkmpnyaabsvrrrprmo.click/,1
https://site-at2okidz1.godaddysites.com/,1
https://inf-t-e-l-e-k-o-m-ugf.adm.ibsystem.com.br/Teleku-huxhn2/facture/,1
https://qrcodeveloper.com/code/YcvCiqwlVbd19JwV,1
https://u53661358.ct.sendgrid.net/ls/click?upn=u001.-2BWiX-2FIVEZHno7loHinbWvv-2FjxhGs9iT2fg-2FhCRo0J14Ej6XQbeCXpjKxf1uD8fuWZE-2B84mYVBBpmvN9GpRm6Pw-3D-3DiUKS_0SJ4xWp5qdyPRBOfXg8T-2BYrgTdYNCSCpqKvQBrEP2dDV-2F2dztqoKd2l8MPCV8DlyclAkmozO9egPqrzFOF7Wy-2BCZL9jasU-2Fwris-2Bd5W69czUehJGZzToWBeJZJOMRbSaL8X0hqe1yWEvMVw-2BDgicxOG1mQEgTzLlModLNqURjNZJXgwDCzAc0vanOqdosphzaqEPSUmz622LL9KHLZnNb3r4CAqdPSmbV-2F7K5v8IESyyRKUNXNxkA3smyedcvAMhMrCHq89aL4JvW7tdNgzk5Q-3D-3D,1
https://tusprromosonliine.com,1
https://correct-jp.icu/PlBTbk/,1
https://73887545.weebly.com/,1
https://cat.fr3.eu.criteo.com/delivery/ck.php?cppv=3&cpp=c9if1MllNBcf9MgMfX0eEUvxwsGdTAkf9_76oxi5HHAcP9WsiqwNBnklW7ucRVnVCtZ5HuL86a1z-sOAthtbMLsCcU1mOVryF1oR9WPOz6VJjO7I17RZacNOCqpd_lmgCi6ZYMtbQk_q3PSzK_ZcfSWb8FYKHyoJVRILIDlk7NPg_lEPxKPkrtVapImnnCxSDWKDxjCsVqNIn9EE5xp9WZljLN-VSVxbvhaICD4NzZCN8DqUIcd82WsGimzqAB5QyLaEFb7zDJAL7XBwyV8ewR7Eor1-HGt9pDJLB2J8DU1a7OvpOvxrm-y9IFaa9pTSmYJtVS55plw9mGfLi2YGb3vstwCm5epsNw67uttwjAN6WGTN09NlTFjVpH_j1mOxq8TLa3r8nbhPvxBXNj-gk1nl6Dk4UekUicbFPFE6HHPRrPzIkkufPoDJGRnTrL4-F_5ujuDJxFfYQsRFX3PZPoj94SRB6q5oyahcmg7o6scKyzWoQluC5_r_U0w__eq52aHiP2bNyZhg6uAK5fKq1pde_28laXHqzXAnLN9qVzjmWmcB1etK2HB9naMipGAw83hKEpJm86YPnXcXuCjwGZ4hRmRofx3JRYm50PDz7VqEj7vi_b1V1NaRPU_s9kfW2fyJ3g&maxdest=https://l.ead.me/jscontroller,1
https://sign-in---webmail-31aef8.webflow.io/,1
https://equable-wistful-poppyseed.glitch.me/,1
https://allegrolokalnie.pz-435677.xyz/,1
https://cdn--ndax------auth.webflow.io/,1
https://ciinbassprolog.godaddysites.com/,1
http://vakifonlinegiris.space/,1
https://vakifonlinegiris.space/,1
https://coiqeanbasse.godaddysites.com/,1
https://conibse_pro-xlogi.godaddysites.com/,1
https://www.acsac.org/secshelf/book001/16.pdf,-1
http://www.maxis.com.my/content/dam/maxis/en/personal/support/faq-images/devices/all-internet-devices/fibre/user-manual/fiber%20internet-%20MB%20TG784%20User%20Manual.pdf,-1
https://www.linkedin.com/jobs/directory/,-1
https://www.glassdoor.com/Jobs/LinkedIn-Jobs-E34865.htm,-1
http://www.job-interview-site.com/linkedin-jobs-search-finding-jobs-using-linkedin.html,-1
https://play.google.com/store/apps/details?id=com.linkedin.android.jobs.jobseeker,-1
http://ph.brainreactions.net/phone/33/22837144,-1
http://www.indiabook.com/cgi-bin/links/error.cgi?id=1588&title=Compuwave%20Interactive%20Television%20Pvt.%20Ltd.v,-1
https://www.linkedin.com/company/star-india-pvt-ltd,-1
http://jobbuzz.timesjobs.com/review/company/38010,-1
https://www.redbooks.com/ad_agency/INTERACTIVE_AVENUES_PRIVATE_LIMITED/,-1
http://www.am-wood.com/march98/router.html,-1
http://ijecs.in/issue/v3-i5/9%20ijecs.pdf,-1
https://www.xfinity.com/locations/internet-service/washington/seattle.html,-1
http://www.seattle.com/internet-services,-1
http://www.mashpedia.com/Mimosa_pudica,-1
http://www.mathsteacher.com.au/year10/ch06_geometry/09_angles_same_segment/segment.htm,-1
http://www.mathcaptain.com/geometry/segment-of-a-circle.html,-1
http://account.bpsecure.com/UsernameReminder,-1
https://www.hsbc.co.uk/1/2/personal/pib-sc,-1
https://www.sunpass.com/main,-1
https://quizlet.com/subject/ppt-microbiology-viruses/,-1
http://www.apstemps.com/,-1
https://www.glassdoor.com/Reviews/Automation-Personnel-Services-Inc-Reviews-E758061.htm,-1
https://www.careerjet.com/jobs/a/automation_personnel_services.html,-1
https://www.linkedin.com/company/automation-personnel-services-inc-,-1
https://searchenginewatch.com/sew/how-to/2259693/seo-basics-8-essentials-when-optimizing-your-site,-1
https://multimedia.journalism.berkeley.edu/tutorials/seo-search-engine-optimization-basics/,-1
http://www.toprankblog.com/2007/10/search-engine-optimization-basics/,-1
http://onbloggingwell.com/wp-content/uploads/2012/11/Search-Engine-Optimization-Basics.pdf,-1
https://blog.kissmetrics.com/simple-guide-to-seo/,-1
http://www.wisebrain.org/8FoldPath.pdf,-1
http://blog.contextures.com/archives/2015/04/02/customize-excel-context-menus/,-1
http://stackoverflow.com/questions/27447075/revised-excel-cell-context-menu-doesnt-work-in-table,-1
http://www.metal-archives.com/release/view/id/400756,-1
http://thegirlandglobe.com/nicaragua-food/,-1
https://en.wikipedia.org/wiki/Nicaraguan_cuisine,-1
http://www.thefullwiki.org/Shortest_path_problem,-1
http://www.mashpedia.com/Shortest_path_problem,-1
http://www.acsu.buffalo.edu/~nagi/courses/684/4.shortestpath.pdf,-1
http://www.quiltbug.com/view-all-batting.htm,-1
http://thinkexist.com/quotes/with/keyword/passivity/,-1
https://www.khanacademy.org/math/cc-eighth-grade-math/cc-8th-solving-equations/linear-equations-and-geometry/v/segment-addition,-1
https://magas.lappcdn.com/media/wysiwyg/catalog_pdfs/PRO_215075_en.pdf,-1
http://strana-malishei.ru/persian_tool_shielded_cable_stripping/,-1
http://doguslugi.ru/product/af.gdeslon.ru_cc_76cad45364e138f1e96fc464cab8d20559d197ca_9d31d3032415d742/persian-tool-shielded-cable-stripping-knife-stripper-cable-stripper-bs442208/,-1
http://assets.tequipment.net/assets/1/26/Documents/Ideal/45_401/45_401_doc_1.pdf,-1
http://atxnetworks.com/pdf/ANW0636_MNII_ConnToolTermOptAttSpecs.pdf,-1
https://creativemarket.com/fonts/blackletter,-1
http://www.fonts2u.com/lucida-blackletter,-1
http://www.nytix.com/TVShows/2012/cbsthismorning.html,-1
http://www.mtechpro.com/2014/mconnect/feb/dyncontent/Imperva-Frost_IQ_WAF_2013.pdf,-1
https://www.avast.com/faq.php?article=AVKB25,-1
http://www.odec.ca/projects/2004/fren4j0/public_html/fingerprint_patterns.htm,-1
http://www.buzzle.com/articles/identifying-fingerprint-patterns-types-of-fingerprints.html,-1
http://www.innovateus.net/science/what-are-fingerprint-patterns,-1
http://www.bandwidthplace.com/,-1
https://www.whatismyip.com/internet-speed-test/,-1
http://www.luckygamez.com/related/Air-Traffic-Control,-1
http://www.gamenet.com/game/air-traffic-chief,-1
http://www.appcontrolgame.com/,-1
http://www.tremorgames.com/playgame/746/air-traffic-controller.html,-1
https://en.wikipedia.org/wiki/Communications_protocol,-1
http://blog.atlasrfidstore.com/uhf-rfid-tag-communications-protocols-standards,-1
http://host.comsoc.org/market/ccnctutorials/T5_DresslerCasetti_IVC-protocols_CCNC2012_5.pdf,-1
https://www.postscapes.com/internet-of-things-protocols/,-1
http://www.slideshare.net/desbinwag/datacom-module-2,-1
https://en.m.wikipedia.org/wiki/Network_protocol,-1
"https://en.wikipedia.org/wiki/Fontana,_California",-1
https://www.fontana.org/,-1
http://www.movoto.com/fontana-ca/,-1
http://www.apartmentfinder.com/California/Fontana-Apartments,-1
https://www.trulia.com/CA/Fontana/,-1
http://www.topix.com/city/fontana-ca,-1
http://swiftcodebanks.com/swift/Kenya/NIC-BANK-LIMITED/NAIROBI,-1
http://www.thebankcodes.com/swift_code/c.php?ci=y&cn=NAIROBI&bn=NIC+BANK+LTD,-1
https://www.gobankwire.com/code/NINCKENAXXX-nic-bank-limited-kenya,-1
http://www.practicalecommerce.com/20-Top-Internet-Service-Providers,-1
https://www.xfinity.com/locations/internet-service-providers-in-my-area.html,-1
https://en.wikipedia.org/wiki/Holocene_Impact_Working_Group,-1
http://www.thebrewergroup.com/events,-1
https://www.linkedin.com/company/all-events-group,-1
http://travelinnate.com/nice-france/,-1
https://www.lonelyplanet.com/france/nice,-1
http://helpmerick.com/cut-copy-and-paste-video-tip.htm,-1
http://www.comscigate.com/podCasting/Audacity/ManualTutorial/tutorial_ed_beginner2.html,-1
https://digitalliteracy.gov/textsize/normal?destination=node/868,-1
https://en.wikipedia.org/wiki/PATH_(rail_system),-1
https://www.youtube.com/user/pathmedia,-1
http://www.thefullwiki.org/PATH_Train,-1
http://en.academic.ru/dic.nsf/enwiki/181524,-1
https://en.wikipedia.org/wiki/Text_file,-1
http://www.csharp-examples.net/read-text-file/,-1
http://opentechschool.github.io/python-data-intro/core/text-files.html,-1
http://www.homeandlearn.co.uk/java/write_to_textfile.html,-1
https://en.wikipedia.org/wiki/Gettysburg_Address,-1
https://americancivilwar.com/north/lincoln.html,-1
http://sobrerunning.com/generous.php?gettysburg-address-essay,-1
http://en.academic.ru/dic.nsf/enwiki/7348,-1
https://en.wikipedia.org/wiki/Peripheral_artery_disease,-1
http://preventdisease.com/diseases/peripheral_artery_disease.shtml,-1
http://www.mayoclinic.org/diseases-conditions/peripheral-artery-disease/symptoms-causes/dxc-20167421,-1
http://circres.ahajournals.org/content/116/9/1509,-1
http://www.ijpsonline.com/articles/profile-of-atherosclerotic-risk-factors-and-management-in-patients-of-peripheral-arterial-disease-at-a-tertiary-care-tea.pdf,-1
http://www.revespcardiol.org/en/peripheral-artery-disease-pathophysiology-diagnosis/articulo/13114115/,-1
https://en.wikipedia.org/wiki/Active_transport,-1
https://www.youtube.com/watch?v=2-icEADP0J4,-1
http://en.academic.ru/dic.nsf/enwiki/100010,-1
https://www.linkedin.com/jobs/helpdesk-analyst-jobs,-1
https://www.udemy.com/help-desk-analyst/,-1
"https://www.glassdoor.com/Interview/help-desk-analyst-interview-questions-SRCH_KO0,17.htm",-1
http://www.bestsampleresume.com/sample-help-desk-resume/help-desk-analyst-resume.html,-1
http://www.job-interview-site.com/help-desk-interview-questions-answers-it-computer-analyst.html,-1
https://en.wikipedia.org/wiki/Contract_bridge,-1
https://en.m.wikipedia.org/wiki/Quick_trick,-1
http://www.academickids.com/encyclopedia/index.php/Bridge_game,-1
http://en.academic.ru/dic.nsf/enwiki/2021,-1
https://instantdomainsearch.com/,-1
https://www.whois.net/,-1
https://domaintyper.com/,-1
http://www.makeuseof.com/tag/digital-camera-review-sites/,-1
http://www.swlearning.com/accounting/hall/ais_4e/study_notes/ch02.pdf,-1
http://www4.semo.edu/gjohnson/AC330/ac330ch2notesedition11.htm,-1
http://www.accountingverse.com/accounting-basics/accounting-cycle.html,-1
https://en.wikipedia.org/wiki/Cladistics,-1
https://simple.wikipedia.org/wiki/Cladistics,-1
https://soundcloud.com/input-output-inc,-1
http://www.ioitulsa.com/,-1
http://i-o-inc.com/,-1
http://www.i-o.com/,-1
"http://hwaddress.com/?q=INPUT/OUTPUT,+INC.",-1
https://en.wikipedia.org/wiki/Save-A-Lot,-1
https://www.facebook.com/savealot/,-1
https://twitter.com/savealot,-1
http://wonderfulengineering.com/these-12-diy-home-repairs-will-make-you-a-champ-at-home/,-1
https://techrave.pk/2017/06/pia-allowing-passengers-check-online/,-1
http://tucollaborative.org/pdfs/Toolkits_Monographs_Guidebooks/peer_support_consumer_run_services_peer_specialists/Results_from_a_National_Survey_of_CPS_Job_Titles_and_Descriptions.pdf,-1
"https://www.glassdoor.com/Job/mesa-peer-support-specialist-jobs-SRCH_IL.0,4_IC1133897_KO5,28.htm",-1
https://www.linkedin.com/jobs/peer-support-specialist-jobs,-1
http://www.bestbuy.ca/en-ca/category/network-switches/21103.aspx,-1
http://www.bestbuy.com/site/networking/hubs-switches/abcat0503012.c?id=abcat0503012,-1
http://www.wikihow.com/Buy-a-Network-Switch,-1
http://bestwirelessrouters2015.com/top-10-best-network-switches-2015/,-1
http://wirelessrouters.best/ethernet-network-switches/,-1
https://listenthusiast.com/best-network-switches/,-1
http://www.comparaboo.com/best-network-switches,-1
http://protechlists.com/best-ethernet-switches/,-1
http://blazinglist.com/best-network-switches/,-1
http://www.ncix.com/category/network-switches-c2-1005.htm,-1
https://en.wikipedia.org/wiki/Voltaire,-1
